effort,m,b,tau_s
global,-19.506540590641084,0.03780653967912289,0.05126485628516742
